RES,Subspace,Method,RUN,ACC
2,AllChLasso,KNN,1,57.89473684
2,AllChLasso,KNN,2,68.42105263
2,AllChLasso,KNN,3,78.94736842
2,AllChLasso,KNN,4,66.66666667
2,AllChLasso,KNN,5,52.63157895
2,AllChLasso,KNN,6,52.63157895
2,AllChLasso,KNN,7,72.22222222
2,AllChLasso,KNN,8,68.42105263
2,AllChLasso,KNN,9,76.47058824
2,AllChLasso,KNN,10,72.22222222
2,AllChLasso,KNN,11,57.89473684
2,AllChLasso,KNN,12,68.42105263
2,AllChLasso,KNN,13,61.11111111
2,AllChLasso,KNN,14,66.66666667
2,AllChLasso,KNN,15,64.70588235
2,AllChLasso,KNN,16,64.70588235
2,AllChLasso,KNN,17,56.25
2,AllChLasso,KNN,18,52.63157895
2,AllChLasso,KNN,19,70.58823529
2,AllChLasso,KNN,20,44.44444444
2,AllChLasso,KNN,21,72.22222222
2,AllChLasso,KNN,22,66.66666667
2,AllChLasso,KNN,23,66.66666667
2,AllChLasso,KNN,24,72.22222222
2,AllChLasso,KNN,25,55
2,AllChLasso,KNN,26,57.89473684
2,AllChLasso,KNN,27,77.77777778
2,AllChLasso,KNN,28,38.88888889
2,AllChLasso,KNN,29,70
2,AllChLasso,KNN,30,66.66666667
2,AllChLasso,KNN,31,42.10526316
2,AllChLasso,KNN,32,63.15789474
2,AllChLasso,KNN,33,63.15789474
2,AllChLasso,KNN,34,68.75
2,AllChLasso,KNN,35,64.70588235
2,AllChLasso,KNN,36,57.89473684
2,AllChLasso,KNN,37,70.58823529
2,AllChLasso,KNN,38,57.89473684
2,AllChLasso,KNN,39,70.58823529
2,AllChLasso,KNN,40,70.58823529
2,AllChLasso,RF,1,73.68421053
2,AllChLasso,RF,2,73.68421053
2,AllChLasso,RF,3,68.42105263
2,AllChLasso,RF,4,77.77777778
2,AllChLasso,RF,5,68.42105263
2,AllChLasso,RF,6,68.42105263
2,AllChLasso,RF,7,72.22222222
2,AllChLasso,RF,8,84.21052632
2,AllChLasso,RF,9,58.82352941
2,AllChLasso,RF,10,83.33333333
2,AllChLasso,RF,11,57.89473684
2,AllChLasso,RF,12,63.15789474
2,AllChLasso,RF,13,55.55555556
2,AllChLasso,RF,14,83.33333333
2,AllChLasso,RF,15,70.58823529
2,AllChLasso,RF,16,70.58823529
2,AllChLasso,RF,17,43.75
2,AllChLasso,RF,18,63.15789474
2,AllChLasso,RF,19,82.35294118
2,AllChLasso,RF,20,50
2,AllChLasso,RF,21,66.66666667
2,AllChLasso,RF,22,66.66666667
2,AllChLasso,RF,23,61.11111111
2,AllChLasso,RF,24,61.11111111
2,AllChLasso,RF,25,55
2,AllChLasso,RF,26,52.63157895
2,AllChLasso,RF,27,77.77777778
2,AllChLasso,RF,28,38.88888889
2,AllChLasso,RF,29,70
2,AllChLasso,RF,30,77.77777778
2,AllChLasso,RF,31,57.89473684
2,AllChLasso,RF,32,63.15789474
2,AllChLasso,RF,33,63.15789474
2,AllChLasso,RF,34,68.75
2,AllChLasso,RF,35,82.35294118
2,AllChLasso,RF,36,63.15789474
2,AllChLasso,RF,37,70.58823529
2,AllChLasso,RF,38,68.42105263
2,AllChLasso,RF,39,82.35294118
2,AllChLasso,RF,40,70.58823529
2,AllChPCA,KNN,1,73.68421053
2,AllChPCA,KNN,2,78.94736842
2,AllChPCA,KNN,3,78.94736842
2,AllChPCA,KNN,4,55.55555556
2,AllChPCA,KNN,5,47.36842105
2,AllChPCA,KNN,6,68.42105263
2,AllChPCA,KNN,7,77.77777778
2,AllChPCA,KNN,8,73.68421053
2,AllChPCA,KNN,9,47.05882353
2,AllChPCA,KNN,10,66.66666667
2,AllChPCA,KNN,11,63.15789474
2,AllChPCA,KNN,12,68.42105263
2,AllChPCA,KNN,13,61.11111111
2,AllChPCA,KNN,14,61.11111111
2,AllChPCA,KNN,15,47.05882353
2,AllChPCA,KNN,16,70.58823529
2,AllChPCA,KNN,17,62.5
2,AllChPCA,KNN,18,42.10526316
2,AllChPCA,KNN,19,76.47058824
2,AllChPCA,KNN,20,72.22222222
2,AllChPCA,KNN,21,61.11111111
2,AllChPCA,KNN,22,55.55555556
2,AllChPCA,KNN,23,61.11111111
2,AllChPCA,KNN,24,66.66666667
2,AllChPCA,KNN,25,80
2,AllChPCA,KNN,26,68.42105263
2,AllChPCA,KNN,27,77.77777778
2,AllChPCA,KNN,28,61.11111111
2,AllChPCA,KNN,29,65
2,AllChPCA,KNN,30,61.11111111
2,AllChPCA,KNN,31,42.10526316
2,AllChPCA,KNN,32,68.42105263
2,AllChPCA,KNN,33,57.89473684
2,AllChPCA,KNN,34,75
2,AllChPCA,KNN,35,76.47058824
2,AllChPCA,KNN,36,52.63157895
2,AllChPCA,KNN,37,52.94117647
2,AllChPCA,KNN,38,63.15789474
2,AllChPCA,KNN,39,58.82352941
2,AllChPCA,KNN,40,70.58823529
2,AllChPCA,RF,1,84.21052632
2,AllChPCA,RF,2,78.94736842
2,AllChPCA,RF,3,84.21052632
2,AllChPCA,RF,4,72.22222222
2,AllChPCA,RF,5,68.42105263
2,AllChPCA,RF,6,73.68421053
2,AllChPCA,RF,7,83.33333333
2,AllChPCA,RF,8,84.21052632
2,AllChPCA,RF,9,76.47058824
2,AllChPCA,RF,10,66.66666667
2,AllChPCA,RF,11,63.15789474
2,AllChPCA,RF,12,68.42105263
2,AllChPCA,RF,13,61.11111111
2,AllChPCA,RF,14,72.22222222
2,AllChPCA,RF,15,58.82352941
2,AllChPCA,RF,16,70.58823529
2,AllChPCA,RF,17,56.25
2,AllChPCA,RF,18,68.42105263
2,AllChPCA,RF,19,70.58823529
2,AllChPCA,RF,20,55.55555556
2,AllChPCA,RF,21,66.66666667
2,AllChPCA,RF,22,66.66666667
2,AllChPCA,RF,23,61.11111111
2,AllChPCA,RF,24,66.66666667
2,AllChPCA,RF,25,75
2,AllChPCA,RF,26,63.15789474
2,AllChPCA,RF,27,72.22222222
2,AllChPCA,RF,28,61.11111111
2,AllChPCA,RF,29,75
2,AllChPCA,RF,30,66.66666667
2,AllChPCA,RF,31,47.36842105
2,AllChPCA,RF,32,73.68421053
2,AllChPCA,RF,33,63.15789474
2,AllChPCA,RF,34,75
2,AllChPCA,RF,35,82.35294118
2,AllChPCA,RF,36,68.42105263
2,AllChPCA,RF,37,70.58823529
2,AllChPCA,RF,38,63.15789474
2,AllChPCA,RF,39,70.58823529
2,AllChPCA,RF,40,70.58823529
2,AllperCh,KNN,1,75.63352827
2,AllperCh,KNN,2,72.51461988
2,AllperCh,KNN,3,76.41325536
2,AllperCh,KNN,4,66.87242798
2,AllperCh,KNN,5,61.59844055
2,AllperCh,KNN,6,67.44639376
2,AllperCh,KNN,7,75.72016461
2,AllperCh,KNN,8,71.73489279
2,AllperCh,KNN,9,68.19172113
2,AllperCh,KNN,10,64.19753086
2,AllperCh,KNN,11,58.67446394
2,AllperCh,KNN,12,63.93762183
2,AllperCh,KNN,13,54.32098765
2,AllperCh,KNN,14,67.0781893
2,AllperCh,KNN,15,54.90196078
2,AllperCh,KNN,16,65.1416122
2,AllperCh,KNN,17,57.17592593
2,AllperCh,KNN,18,63.74269006
2,AllperCh,KNN,19,66.44880174
2,AllperCh,KNN,20,55.76131687
2,AllperCh,KNN,21,60.69958848
2,AllperCh,KNN,22,64.19753086
2,AllperCh,KNN,23,60.49382716
2,AllperCh,KNN,24,64.6090535
2,AllperCh,KNN,25,68.33333333
2,AllperCh,KNN,26,62.57309942
2,AllperCh,KNN,27,67.90123457
2,AllperCh,KNN,28,55.96707819
2,AllperCh,KNN,29,69.25925926
2,AllperCh,KNN,30,58.84773663
2,AllperCh,KNN,31,50.48732943
2,AllperCh,KNN,32,67.05653021
2,AllperCh,KNN,33,58.86939571
2,AllperCh,KNN,34,66.43518519
2,AllperCh,KNN,35,75.81699346
2,AllperCh,KNN,36,67.44639376
2,AllperCh,KNN,37,65.57734205
2,AllperCh,KNN,38,64.71734893
2,AllperCh,KNN,39,66.88453159
2,AllperCh,KNN,40,66.66666667
2,AllperCh,RF,1,77.97270955
2,AllperCh,RF,2,73.29434698
2,AllperCh,RF,3,76.60818713
2,AllperCh,RF,4,70.16460905
2,AllperCh,RF,5,64.32748538
2,AllperCh,RF,6,67.64132554
2,AllperCh,RF,7,75.51440329
2,AllperCh,RF,8,79.14230019
2,AllperCh,RF,9,72.11328976
2,AllperCh,RF,10,66.87242798
2,AllperCh,RF,11,61.79337232
2,AllperCh,RF,12,67.05653021
2,AllperCh,RF,13,57.40740741
2,AllperCh,RF,14,71.81069959
2,AllperCh,RF,15,59.04139434
2,AllperCh,RF,16,66.23093682
2,AllperCh,RF,17,58.56481481
2,AllperCh,RF,18,64.13255361
2,AllperCh,RF,19,69.49891068
2,AllperCh,RF,20,54.32098765
2,AllperCh,RF,21,65.02057613
2,AllperCh,RF,22,65.8436214
2,AllperCh,RF,23,60.28806584
2,AllperCh,RF,24,65.63786008
2,AllperCh,RF,25,71.2962963
2,AllperCh,RF,26,64.52241715
2,AllperCh,RF,27,72.22222222
2,AllperCh,RF,28,56.99588477
2,AllperCh,RF,29,74.44444444
2,AllperCh,RF,30,62.96296296
2,AllperCh,RF,31,50.48732943
2,AllperCh,RF,32,68.22612086
2,AllperCh,RF,33,60.03898635
2,AllperCh,RF,34,70.37037037
2,AllperCh,RF,35,76.90631808
2,AllperCh,RF,36,67.25146199
2,AllperCh,RF,37,66.44880174
2,AllperCh,RF,38,71.15009747
2,AllperCh,RF,39,70.37037037
2,AllperCh,RF,40,72.11328976
2,LSTM,KNN,1,68.42105263
2,LSTM,KNN,2,78.94736842
2,LSTM,KNN,3,78.94736842
2,LSTM,KNN,4,72.22222222
2,LSTM,KNN,5,63.15789474
2,LSTM,KNN,6,63.15789474
2,LSTM,KNN,7,72.22222222
2,LSTM,KNN,8,84.21052632
2,LSTM,KNN,9,47.05882353
2,LSTM,KNN,10,61.11111111
2,LSTM,KNN,11,57.89473684
2,LSTM,KNN,12,78.94736842
2,LSTM,KNN,13,55.55555556
2,LSTM,KNN,14,61.11111111
2,LSTM,KNN,15,64.70588235
2,LSTM,KNN,16,76.47058824
2,LSTM,KNN,17,56.25
2,LSTM,KNN,18,57.89473684
2,LSTM,KNN,19,64.70588235
2,LSTM,KNN,20,55.55555556
2,LSTM,KNN,21,72.22222222
2,LSTM,KNN,22,61.11111111
2,LSTM,KNN,23,61.11111111
2,LSTM,KNN,24,66.66666667
2,LSTM,KNN,25,60
2,LSTM,KNN,26,57.89473684
2,LSTM,KNN,27,66.66666667
2,LSTM,KNN,28,50
2,LSTM,KNN,29,75
2,LSTM,KNN,30,72.22222222
2,LSTM,KNN,31,47.36842105
2,LSTM,KNN,32,73.68421053
2,LSTM,KNN,33,63.15789474
2,LSTM,KNN,34,62.5
2,LSTM,KNN,35,70.58823529
2,LSTM,KNN,36,68.42105263
2,LSTM,KNN,37,58.82352941
2,LSTM,KNN,38,73.68421053
2,LSTM,KNN,39,64.70588235
2,LSTM,KNN,40,64.70588235
2,LSTM,RF,1,84.21052632
2,LSTM,RF,2,78.94736842
2,LSTM,RF,3,73.68421053
2,LSTM,RF,4,77.77777778
2,LSTM,RF,5,57.89473684
2,LSTM,RF,6,73.68421053
2,LSTM,RF,7,83.33333333
2,LSTM,RF,8,73.68421053
2,LSTM,RF,9,70.58823529
2,LSTM,RF,10,66.66666667
2,LSTM,RF,11,68.42105263
2,LSTM,RF,12,63.15789474
2,LSTM,RF,13,55.55555556
2,LSTM,RF,14,61.11111111
2,LSTM,RF,15,58.82352941
2,LSTM,RF,16,76.47058824
2,LSTM,RF,17,62.5
2,LSTM,RF,18,68.42105263
2,LSTM,RF,19,64.70588235
2,LSTM,RF,20,72.22222222
2,LSTM,RF,21,61.11111111
2,LSTM,RF,22,66.66666667
2,LSTM,RF,23,61.11111111
2,LSTM,RF,24,66.66666667
2,LSTM,RF,25,75
2,LSTM,RF,26,57.89473684
2,LSTM,RF,27,66.66666667
2,LSTM,RF,28,50
2,LSTM,RF,29,65
2,LSTM,RF,30,66.66666667
2,LSTM,RF,31,52.63157895
2,LSTM,RF,32,78.94736842
2,LSTM,RF,33,57.89473684
2,LSTM,RF,34,68.75
2,LSTM,RF,35,76.47058824
2,LSTM,RF,36,68.42105263
2,LSTM,RF,37,64.70588235
2,LSTM,RF,38,68.42105263
2,LSTM,RF,39,76.47058824
2,LSTM,RF,40,70.58823529
2,LSTM_Ch1,KNN,1,52.63157895
2,LSTM_Ch1,KNN,2,63.15789474
2,LSTM_Ch1,KNN,3,63.15789474
2,LSTM_Ch1,KNN,4,83.33333333
2,LSTM_Ch1,KNN,5,68.42105263
2,LSTM_Ch1,KNN,6,63.15789474
2,LSTM_Ch1,KNN,7,61.11111111
2,LSTM_Ch1,KNN,8,68.42105263
2,LSTM_Ch1,KNN,9,47.05882353
2,LSTM_Ch1,KNN,10,61.11111111
2,LSTM_Ch1,KNN,11,47.36842105
2,LSTM_Ch1,KNN,12,57.89473684
2,LSTM_Ch1,KNN,13,55.55555556
2,LSTM_Ch1,KNN,14,72.22222222
2,LSTM_Ch1,KNN,15,58.82352941
2,LSTM_Ch1,KNN,16,52.94117647
2,LSTM_Ch1,KNN,17,68.75
2,LSTM_Ch1,KNN,18,52.63157895
2,LSTM_Ch1,KNN,19,58.82352941
2,LSTM_Ch1,KNN,20,50
2,LSTM_Ch1,KNN,21,61.11111111
2,LSTM_Ch1,KNN,22,50
2,LSTM_Ch1,KNN,23,61.11111111
2,LSTM_Ch1,KNN,24,55.55555556
2,LSTM_Ch1,KNN,25,55
2,LSTM_Ch1,KNN,26,52.63157895
2,LSTM_Ch1,KNN,27,55.55555556
2,LSTM_Ch1,KNN,28,44.44444444
2,LSTM_Ch1,KNN,29,70
2,LSTM_Ch1,KNN,30,55.55555556
2,LSTM_Ch1,KNN,31,57.89473684
2,LSTM_Ch1,KNN,32,47.36842105
2,LSTM_Ch1,KNN,33,68.42105263
2,LSTM_Ch1,KNN,34,50
2,LSTM_Ch1,KNN,35,64.70588235
2,LSTM_Ch1,KNN,36,52.63157895
2,LSTM_Ch1,KNN,37,76.47058824
2,LSTM_Ch1,KNN,38,57.89473684
2,LSTM_Ch1,KNN,39,70.58823529
2,LSTM_Ch1,KNN,40,58.82352941
2,LSTM_Ch1,RF,1,57.89473684
2,LSTM_Ch1,RF,2,52.63157895
2,LSTM_Ch1,RF,3,57.89473684
2,LSTM_Ch1,RF,4,72.22222222
2,LSTM_Ch1,RF,5,73.68421053
2,LSTM_Ch1,RF,6,68.42105263
2,LSTM_Ch1,RF,7,55.55555556
2,LSTM_Ch1,RF,8,68.42105263
2,LSTM_Ch1,RF,9,52.94117647
2,LSTM_Ch1,RF,10,44.44444444
2,LSTM_Ch1,RF,11,47.36842105
2,LSTM_Ch1,RF,12,57.89473684
2,LSTM_Ch1,RF,13,61.11111111
2,LSTM_Ch1,RF,14,55.55555556
2,LSTM_Ch1,RF,15,52.94117647
2,LSTM_Ch1,RF,16,52.94117647
2,LSTM_Ch1,RF,17,56.25
2,LSTM_Ch1,RF,18,47.36842105
2,LSTM_Ch1,RF,19,47.05882353
2,LSTM_Ch1,RF,20,50
2,LSTM_Ch1,RF,21,50
2,LSTM_Ch1,RF,22,61.11111111
2,LSTM_Ch1,RF,23,61.11111111
2,LSTM_Ch1,RF,24,66.66666667
2,LSTM_Ch1,RF,25,60
2,LSTM_Ch1,RF,26,47.36842105
2,LSTM_Ch1,RF,27,50
2,LSTM_Ch1,RF,28,50
2,LSTM_Ch1,RF,29,70
2,LSTM_Ch1,RF,30,50
2,LSTM_Ch1,RF,31,57.89473684
2,LSTM_Ch1,RF,32,47.36842105
2,LSTM_Ch1,RF,33,52.63157895
2,LSTM_Ch1,RF,34,50
2,LSTM_Ch1,RF,35,64.70588235
2,LSTM_Ch1,RF,36,63.15789474
2,LSTM_Ch1,RF,37,76.47058824
2,LSTM_Ch1,RF,38,52.63157895
2,LSTM_Ch1,RF,39,58.82352941
2,LSTM_Ch1,RF,40,64.70588235
2,LSTM_Reg,KNN,1,84.21052632
2,LSTM_Reg,KNN,2,73.68421053
2,LSTM_Reg,KNN,3,57.89473684
2,LSTM_Reg,KNN,4,77.77777778
2,LSTM_Reg,KNN,5,63.15789474
2,LSTM_Reg,KNN,6,84.21052632
2,LSTM_Reg,KNN,7,83.33333333
2,LSTM_Reg,KNN,8,89.47368421
2,LSTM_Reg,KNN,9,41.17647059
2,LSTM_Reg,KNN,10,38.88888889
2,LSTM_Reg,KNN,11,63.15789474
2,LSTM_Reg,KNN,12,63.15789474
2,LSTM_Reg,KNN,13,55.55555556
2,LSTM_Reg,KNN,14,77.77777778
2,LSTM_Reg,KNN,15,64.70588235
2,LSTM_Reg,KNN,16,76.47058824
2,LSTM_Reg,KNN,17,56.25
2,LSTM_Reg,KNN,18,57.89473684
2,LSTM_Reg,KNN,19,58.82352941
2,LSTM_Reg,KNN,20,61.11111111
2,LSTM_Reg,KNN,21,55.55555556
2,LSTM_Reg,KNN,22,72.22222222
2,LSTM_Reg,KNN,23,55.55555556
2,LSTM_Reg,KNN,24,66.66666667
2,LSTM_Reg,KNN,25,65
2,LSTM_Reg,KNN,26,68.42105263
2,LSTM_Reg,KNN,27,77.77777778
2,LSTM_Reg,KNN,28,50
2,LSTM_Reg,KNN,29,75
2,LSTM_Reg,KNN,30,72.22222222
2,LSTM_Reg,KNN,31,47.36842105
2,LSTM_Reg,KNN,32,68.42105263
2,LSTM_Reg,KNN,33,57.89473684
2,LSTM_Reg,KNN,34,68.75
2,LSTM_Reg,KNN,35,76.47058824
2,LSTM_Reg,KNN,36,52.63157895
2,LSTM_Reg,KNN,37,58.82352941
2,LSTM_Reg,KNN,38,73.68421053
2,LSTM_Reg,KNN,39,70.58823529
2,LSTM_Reg,KNN,40,64.70588235
2,LSTM_Reg,RF,1,78.94736842
2,LSTM_Reg,RF,2,78.94736842
2,LSTM_Reg,RF,3,63.15789474
2,LSTM_Reg,RF,4,72.22222222
2,LSTM_Reg,RF,5,47.36842105
2,LSTM_Reg,RF,6,68.42105263
2,LSTM_Reg,RF,7,72.22222222
2,LSTM_Reg,RF,8,89.47368421
2,LSTM_Reg,RF,9,70.58823529
2,LSTM_Reg,RF,10,66.66666667
2,LSTM_Reg,RF,11,68.42105263
2,LSTM_Reg,RF,12,68.42105263
2,LSTM_Reg,RF,13,44.44444444
2,LSTM_Reg,RF,14,77.77777778
2,LSTM_Reg,RF,15,64.70588235
2,LSTM_Reg,RF,16,70.58823529
2,LSTM_Reg,RF,17,56.25
2,LSTM_Reg,RF,18,63.15789474
2,LSTM_Reg,RF,19,76.47058824
2,LSTM_Reg,RF,20,55.55555556
2,LSTM_Reg,RF,21,66.66666667
2,LSTM_Reg,RF,22,55.55555556
2,LSTM_Reg,RF,23,61.11111111
2,LSTM_Reg,RF,24,72.22222222
2,LSTM_Reg,RF,25,70
2,LSTM_Reg,RF,26,57.89473684
2,LSTM_Reg,RF,27,72.22222222
2,LSTM_Reg,RF,28,50
2,LSTM_Reg,RF,29,85
2,LSTM_Reg,RF,30,66.66666667
2,LSTM_Reg,RF,31,47.36842105
2,LSTM_Reg,RF,32,57.89473684
2,LSTM_Reg,RF,33,47.36842105
2,LSTM_Reg,RF,34,56.25
2,LSTM_Reg,RF,35,76.47058824
2,LSTM_Reg,RF,36,68.42105263
2,LSTM_Reg,RF,37,76.47058824
2,LSTM_Reg,RF,38,57.89473684
2,LSTM_Reg,RF,39,70.58823529
2,LSTM_Reg,RF,40,70.58823529
3,AllChLasso,KNN,1,31.57894737
3,AllChLasso,KNN,2,42.10526316
3,AllChLasso,KNN,3,36.84210526
3,AllChLasso,KNN,4,55.55555556
3,AllChLasso,KNN,5,21.05263158
3,AllChLasso,KNN,6,57.89473684
3,AllChLasso,KNN,7,22.22222222
3,AllChLasso,KNN,8,36.84210526
3,AllChLasso,KNN,9,29.41176471
3,AllChLasso,KNN,10,77.77777778
3,AllChLasso,KNN,11,26.31578947
3,AllChLasso,KNN,12,26.31578947
3,AllChLasso,KNN,13,50
3,AllChLasso,KNN,14,50
3,AllChLasso,KNN,15,35.29411765
3,AllChLasso,KNN,16,17.64705882
3,AllChLasso,KNN,17,43.75
3,AllChLasso,KNN,18,36.84210526
3,AllChLasso,KNN,19,35.29411765
3,AllChLasso,KNN,20,44.44444444
3,AllChLasso,KNN,21,44.44444444
3,AllChLasso,KNN,22,44.44444444
3,AllChLasso,KNN,23,16.66666667
3,AllChLasso,KNN,24,38.88888889
3,AllChLasso,KNN,25,50
3,AllChLasso,KNN,26,57.89473684
3,AllChLasso,KNN,27,38.88888889
3,AllChLasso,KNN,28,22.22222222
3,AllChLasso,KNN,29,35
3,AllChLasso,KNN,30,22.22222222
3,AllChLasso,KNN,31,52.63157895
3,AllChLasso,KNN,32,42.10526316
3,AllChLasso,KNN,33,52.63157895
3,AllChLasso,KNN,34,43.75
3,AllChLasso,KNN,35,41.17647059
3,AllChLasso,KNN,36,42.10526316
3,AllChLasso,KNN,37,35.29411765
3,AllChLasso,KNN,38,31.57894737
3,AllChLasso,KNN,39,58.82352941
3,AllChLasso,KNN,40,23.52941176
3,AllChLasso,RF,1,47.36842105
3,AllChLasso,RF,2,47.36842105
3,AllChLasso,RF,3,36.84210526
3,AllChLasso,RF,4,38.88888889
3,AllChLasso,RF,5,26.31578947
3,AllChLasso,RF,6,52.63157895
3,AllChLasso,RF,7,33.33333333
3,AllChLasso,RF,8,31.57894737
3,AllChLasso,RF,9,52.94117647
3,AllChLasso,RF,10,66.66666667
3,AllChLasso,RF,11,26.31578947
3,AllChLasso,RF,12,26.31578947
3,AllChLasso,RF,13,38.88888889
3,AllChLasso,RF,14,38.88888889
3,AllChLasso,RF,15,41.17647059
3,AllChLasso,RF,16,35.29411765
3,AllChLasso,RF,17,43.75
3,AllChLasso,RF,18,31.57894737
3,AllChLasso,RF,19,52.94117647
3,AllChLasso,RF,20,38.88888889
3,AllChLasso,RF,21,38.88888889
3,AllChLasso,RF,22,50
3,AllChLasso,RF,23,22.22222222
3,AllChLasso,RF,24,44.44444444
3,AllChLasso,RF,25,50
3,AllChLasso,RF,26,36.84210526
3,AllChLasso,RF,27,38.88888889
3,AllChLasso,RF,28,38.88888889
3,AllChLasso,RF,29,30
3,AllChLasso,RF,30,38.88888889
3,AllChLasso,RF,31,47.36842105
3,AllChLasso,RF,32,42.10526316
3,AllChLasso,RF,33,63.15789474
3,AllChLasso,RF,34,50
3,AllChLasso,RF,35,41.17647059
3,AllChLasso,RF,36,36.84210526
3,AllChLasso,RF,37,17.64705882
3,AllChLasso,RF,38,31.57894737
3,AllChLasso,RF,39,58.82352941
3,AllChLasso,RF,40,41.17647059
3,AllChPCA,KNN,1,52.63157895
3,AllChPCA,KNN,2,52.63157895
3,AllChPCA,KNN,3,57.89473684
3,AllChPCA,KNN,4,38.88888889
3,AllChPCA,KNN,5,31.57894737
3,AllChPCA,KNN,6,52.63157895
3,AllChPCA,KNN,7,50
3,AllChPCA,KNN,8,42.10526316
3,AllChPCA,KNN,9,41.17647059
3,AllChPCA,KNN,10,72.22222222
3,AllChPCA,KNN,11,57.89473684
3,AllChPCA,KNN,12,63.15789474
3,AllChPCA,KNN,13,38.88888889
3,AllChPCA,KNN,14,50
3,AllChPCA,KNN,15,41.17647059
3,AllChPCA,KNN,16,35.29411765
3,AllChPCA,KNN,17,37.5
3,AllChPCA,KNN,18,15.78947368
3,AllChPCA,KNN,19,52.94117647
3,AllChPCA,KNN,20,38.88888889
3,AllChPCA,KNN,21,44.44444444
3,AllChPCA,KNN,22,33.33333333
3,AllChPCA,KNN,23,27.77777778
3,AllChPCA,KNN,24,38.88888889
3,AllChPCA,KNN,25,50
3,AllChPCA,KNN,26,42.10526316
3,AllChPCA,KNN,27,27.77777778
3,AllChPCA,KNN,28,61.11111111
3,AllChPCA,KNN,29,25
3,AllChPCA,KNN,30,44.44444444
3,AllChPCA,KNN,31,31.57894737
3,AllChPCA,KNN,32,52.63157895
3,AllChPCA,KNN,33,47.36842105
3,AllChPCA,KNN,34,37.5
3,AllChPCA,KNN,35,41.17647059
3,AllChPCA,KNN,36,57.89473684
3,AllChPCA,KNN,37,41.17647059
3,AllChPCA,KNN,38,42.10526316
3,AllChPCA,KNN,39,47.05882353
3,AllChPCA,KNN,40,70.58823529
3,AllChPCA,RF,1,57.89473684
3,AllChPCA,RF,2,47.36842105
3,AllChPCA,RF,3,42.10526316
3,AllChPCA,RF,4,22.22222222
3,AllChPCA,RF,5,42.10526316
3,AllChPCA,RF,6,36.84210526
3,AllChPCA,RF,7,55.55555556
3,AllChPCA,RF,8,42.10526316
3,AllChPCA,RF,9,47.05882353
3,AllChPCA,RF,10,38.88888889
3,AllChPCA,RF,11,36.84210526
3,AllChPCA,RF,12,47.36842105
3,AllChPCA,RF,13,61.11111111
3,AllChPCA,RF,14,50
3,AllChPCA,RF,15,35.29411765
3,AllChPCA,RF,16,52.94117647
3,AllChPCA,RF,17,43.75
3,AllChPCA,RF,18,26.31578947
3,AllChPCA,RF,19,64.70588235
3,AllChPCA,RF,20,27.77777778
3,AllChPCA,RF,21,50
3,AllChPCA,RF,22,22.22222222
3,AllChPCA,RF,23,38.88888889
3,AllChPCA,RF,24,22.22222222
3,AllChPCA,RF,25,35
3,AllChPCA,RF,26,47.36842105
3,AllChPCA,RF,27,44.44444444
3,AllChPCA,RF,28,33.33333333
3,AllChPCA,RF,29,35
3,AllChPCA,RF,30,5.555555556
3,AllChPCA,RF,31,26.31578947
3,AllChPCA,RF,32,36.84210526
3,AllChPCA,RF,33,52.63157895
3,AllChPCA,RF,34,31.25
3,AllChPCA,RF,35,23.52941176
3,AllChPCA,RF,36,36.84210526
3,AllChPCA,RF,37,41.17647059
3,AllChPCA,RF,38,26.31578947
3,AllChPCA,RF,39,52.94117647
3,AllChPCA,RF,40,41.17647059
3,AllperCh,KNN,1,43.85964912
3,AllperCh,KNN,2,42.69005848
3,AllperCh,KNN,3,42.30019493
3,AllperCh,KNN,4,39.30041152
3,AllperCh,KNN,5,37.23196881
3,AllperCh,KNN,6,47.36842105
3,AllperCh,KNN,7,44.44444444
3,AllperCh,KNN,8,39.5711501
3,AllperCh,KNN,9,41.83006536
3,AllperCh,KNN,10,41.97530864
3,AllperCh,KNN,11,42.30019493
3,AllperCh,KNN,12,39.18128655
3,AllperCh,KNN,13,44.03292181
3,AllperCh,KNN,14,43.41563786
3,AllperCh,KNN,15,32.24400871
3,AllperCh,KNN,16,35.72984749
3,AllperCh,KNN,17,38.88888889
3,AllperCh,KNN,18,46.39376218
3,AllperCh,KNN,19,33.11546841
3,AllperCh,KNN,20,34.77366255
3,AllperCh,KNN,21,43.41563786
3,AllperCh,KNN,22,35.80246914
3,AllperCh,KNN,23,36.00823045
3,AllperCh,KNN,24,35.3909465
3,AllperCh,KNN,25,36.85185185
3,AllperCh,KNN,26,34.50292398
3,AllperCh,KNN,27,38.06584362
3,AllperCh,KNN,28,39.09465021
3,AllperCh,KNN,29,35
3,AllperCh,KNN,30,36.00823045
3,AllperCh,KNN,31,30.79922027
3,AllperCh,KNN,32,39.5711501
3,AllperCh,KNN,33,44.63937622
3,AllperCh,KNN,34,44.21296296
3,AllperCh,KNN,35,41.61220044
3,AllperCh,KNN,36,37.42690058
3,AllperCh,KNN,37,41.61220044
3,AllperCh,KNN,38,34.11306043
3,AllperCh,KNN,39,39.65141612
3,AllperCh,KNN,40,41.39433551
3,AllperCh,RF,1,41.13060429
3,AllperCh,RF,2,42.69005848
3,AllperCh,RF,3,43.85964912
3,AllperCh,RF,4,39.30041152
3,AllperCh,RF,5,38.01169591
3,AllperCh,RF,6,45.22417154
3,AllperCh,RF,7,41.15226337
3,AllperCh,RF,8,40.35087719
3,AllperCh,RF,9,42.48366013
3,AllperCh,RF,10,46.91358025
3,AllperCh,RF,11,41.32553606
3,AllperCh,RF,12,41.71539961
3,AllperCh,RF,13,43.62139918
3,AllperCh,RF,14,41.35802469
3,AllperCh,RF,15,33.33333333
3,AllperCh,RF,16,41.83006536
3,AllperCh,RF,17,37.96296296
3,AllperCh,RF,18,43.07992203
3,AllperCh,RF,19,38.34422658
3,AllperCh,RF,20,35.59670782
3,AllperCh,RF,21,43.62139918
3,AllperCh,RF,22,40.53497942
3,AllperCh,RF,23,38.88888889
3,AllperCh,RF,24,37.8600823
3,AllperCh,RF,25,40.55555556
3,AllperCh,RF,26,38.20662768
3,AllperCh,RF,27,38.47736626
3,AllperCh,RF,28,36.83127572
3,AllperCh,RF,29,32.96296296
3,AllperCh,RF,30,33.74485597
3,AllperCh,RF,31,29.04483431
3,AllperCh,RF,32,42.49512671
3,AllperCh,RF,33,45.41910331
3,AllperCh,RF,34,41.2037037
3,AllperCh,RF,35,40.08714597
3,AllperCh,RF,36,41.91033138
3,AllperCh,RF,37,39.21568627
3,AllperCh,RF,38,37.23196881
3,AllperCh,RF,39,43.57298475
3,AllperCh,RF,40,40.95860566
3,LSTM,KNN,1,42.10526316
3,LSTM,KNN,2,47.36842105
3,LSTM,KNN,3,57.89473684
3,LSTM,KNN,4,38.88888889
3,LSTM,KNN,5,73.68421053
3,LSTM,KNN,6,57.89473684
3,LSTM,KNN,7,27.77777778
3,LSTM,KNN,8,63.15789474
3,LSTM,KNN,9,35.29411765
3,LSTM,KNN,10,50
3,LSTM,KNN,11,47.36842105
3,LSTM,KNN,12,47.36842105
3,LSTM,KNN,13,77.77777778
3,LSTM,KNN,14,55.55555556
3,LSTM,KNN,15,35.29411765
3,LSTM,KNN,16,35.29411765
3,LSTM,KNN,17,37.5
3,LSTM,KNN,18,42.10526316
3,LSTM,KNN,19,58.82352941
3,LSTM,KNN,20,44.44444444
3,LSTM,KNN,21,44.44444444
3,LSTM,KNN,22,44.44444444
3,LSTM,KNN,23,27.77777778
3,LSTM,KNN,24,33.33333333
3,LSTM,KNN,25,25
3,LSTM,KNN,26,21.05263158
3,LSTM,KNN,27,44.44444444
3,LSTM,KNN,28,33.33333333
3,LSTM,KNN,29,20
3,LSTM,KNN,30,38.88888889
3,LSTM,KNN,31,31.57894737
3,LSTM,KNN,32,52.63157895
3,LSTM,KNN,33,47.36842105
3,LSTM,KNN,34,25
3,LSTM,KNN,35,47.05882353
3,LSTM,KNN,36,36.84210526
3,LSTM,KNN,37,52.94117647
3,LSTM,KNN,38,57.89473684
3,LSTM,KNN,39,35.29411765
3,LSTM,KNN,40,52.94117647
3,LSTM,RF,1,36.84210526
3,LSTM,RF,2,42.10526316
3,LSTM,RF,3,47.36842105
3,LSTM,RF,4,44.44444444
3,LSTM,RF,5,26.31578947
3,LSTM,RF,6,47.36842105
3,LSTM,RF,7,55.55555556
3,LSTM,RF,8,42.10526316
3,LSTM,RF,9,40.2
3,LSTM,RF,10,50
3,LSTM,RF,11,26.31578947
3,LSTM,RF,12,31.57894737
3,LSTM,RF,13,55.55555556
3,LSTM,RF,14,27.77777778
3,LSTM,RF,15,41.17647059
3,LSTM,RF,16,47.05882353
3,LSTM,RF,17,56.25
3,LSTM,RF,18,52.63157895
3,LSTM,RF,19,35.29411765
3,LSTM,RF,20,33.33333333
3,LSTM,RF,21,47.05882353
3,LSTM,RF,22,50
3,LSTM,RF,23,50
3,LSTM,RF,24,50
3,LSTM,RF,25,60
3,LSTM,RF,26,42.10526316
3,LSTM,RF,27,55.55555556
3,LSTM,RF,28,33.33333333
3,LSTM,RF,29,30
3,LSTM,RF,30,55.55555556
3,LSTM,RF,31,31.57894737
3,LSTM,RF,32,52.63157895
3,LSTM,RF,33,31.57894737
3,LSTM,RF,34,43.75
3,LSTM,RF,35,29.41176471
3,LSTM,RF,36,52.63157895
3,LSTM,RF,37,47.05882353
3,LSTM,RF,38,52.63157895
3,LSTM,RF,39,52.94117647
3,LSTM,RF,40,41.17647059
3,LSTM_Ch1,KNN,1,36.84210526
3,LSTM_Ch1,KNN,2,47.36842105
3,LSTM_Ch1,KNN,3,36.84210526
3,LSTM_Ch1,KNN,4,50
3,LSTM_Ch1,KNN,5,42.10526316
3,LSTM_Ch1,KNN,6,42.10526316
3,LSTM_Ch1,KNN,7,27.77777778
3,LSTM_Ch1,KNN,8,42.10526316
3,LSTM_Ch1,KNN,9,29.41176471
3,LSTM_Ch1,KNN,10,33.33333333
3,LSTM_Ch1,KNN,11,36.84210526
3,LSTM_Ch1,KNN,12,15.78947368
3,LSTM_Ch1,KNN,13,38.88888889
3,LSTM_Ch1,KNN,14,38.88888889
3,LSTM_Ch1,KNN,15,35.29411765
3,LSTM_Ch1,KNN,16,23.52941176
3,LSTM_Ch1,KNN,17,43.75
3,LSTM_Ch1,KNN,18,47.36842105
3,LSTM_Ch1,KNN,19,41.17647059
3,LSTM_Ch1,KNN,20,38.88888889
3,LSTM_Ch1,KNN,21,38.88888889
3,LSTM_Ch1,KNN,22,33.33333333
3,LSTM_Ch1,KNN,23,50
3,LSTM_Ch1,KNN,24,16.66666667
3,LSTM_Ch1,KNN,25,35
3,LSTM_Ch1,KNN,26,21.05263158
3,LSTM_Ch1,KNN,27,11.11111111
3,LSTM_Ch1,KNN,28,11.11111111
3,LSTM_Ch1,KNN,29,45
3,LSTM_Ch1,KNN,30,16.66666667
3,LSTM_Ch1,KNN,31,31.57894737
3,LSTM_Ch1,KNN,32,26.31578947
3,LSTM_Ch1,KNN,33,36.84210526
3,LSTM_Ch1,KNN,34,37.5
3,LSTM_Ch1,KNN,35,47.05882353
3,LSTM_Ch1,KNN,36,47.36842105
3,LSTM_Ch1,KNN,37,23.52941176
3,LSTM_Ch1,KNN,38,42.10526316
3,LSTM_Ch1,KNN,39,41.17647059
3,LSTM_Ch1,KNN,40,23.52941176
3,LSTM_Ch1,RF,1,36.84210526
3,LSTM_Ch1,RF,2,42.10526316
3,LSTM_Ch1,RF,3,31.57894737
3,LSTM_Ch1,RF,4,44.44444444
3,LSTM_Ch1,RF,5,47.36842105
3,LSTM_Ch1,RF,6,36.84210526
3,LSTM_Ch1,RF,7,16.66666667
3,LSTM_Ch1,RF,8,42.10526316
3,LSTM_Ch1,RF,9,17.64705882
3,LSTM_Ch1,RF,10,27.77777778
3,LSTM_Ch1,RF,11,26.31578947
3,LSTM_Ch1,RF,12,26.31578947
3,LSTM_Ch1,RF,13,33.33333333
3,LSTM_Ch1,RF,14,50
3,LSTM_Ch1,RF,15,41.17647059
3,LSTM_Ch1,RF,16,23.52941176
3,LSTM_Ch1,RF,17,43.75
3,LSTM_Ch1,RF,18,52.63157895
3,LSTM_Ch1,RF,19,41.17647059
3,LSTM_Ch1,RF,20,33.33333333
3,LSTM_Ch1,RF,21,38.88888889
3,LSTM_Ch1,RF,22,27.77777778
3,LSTM_Ch1,RF,23,33.33333333
3,LSTM_Ch1,RF,24,16.66666667
3,LSTM_Ch1,RF,25,30
3,LSTM_Ch1,RF,26,26.31578947
3,LSTM_Ch1,RF,27,22.22222222
3,LSTM_Ch1,RF,28,27.77777778
3,LSTM_Ch1,RF,29,40
3,LSTM_Ch1,RF,30,27.77777778
3,LSTM_Ch1,RF,31,31.57894737
3,LSTM_Ch1,RF,32,21.05263158
3,LSTM_Ch1,RF,33,31.57894737
3,LSTM_Ch1,RF,34,37.5
3,LSTM_Ch1,RF,35,35.29411765
3,LSTM_Ch1,RF,36,42.10526316
3,LSTM_Ch1,RF,37,29.41176471
3,LSTM_Ch1,RF,38,42.10526316
3,LSTM_Ch1,RF,39,35.29411765
3,LSTM_Ch1,RF,40,23.52941176
3,LSTM_Reg,KNN,1,47.36842105
3,LSTM_Reg,KNN,2,52.63157895
3,LSTM_Reg,KNN,3,42.10526316
3,LSTM_Reg,KNN,4,50
3,LSTM_Reg,KNN,5,36.84210526
3,LSTM_Reg,KNN,6,42.10526316
3,LSTM_Reg,KNN,7,33.33333333
3,LSTM_Reg,KNN,8,63.15789474
3,LSTM_Reg,KNN,9,41.17647059
3,LSTM_Reg,KNN,10,38.88888889
3,LSTM_Reg,KNN,11,36.84210526
3,LSTM_Reg,KNN,12,52.63157895
3,LSTM_Reg,KNN,13,61.11111111
3,LSTM_Reg,KNN,14,55.55555556
3,LSTM_Reg,KNN,15,35.29411765
3,LSTM_Reg,KNN,16,41.17647059
3,LSTM_Reg,KNN,17,50
3,LSTM_Reg,KNN,18,57.89473684
3,LSTM_Reg,KNN,19,58.82352941
3,LSTM_Reg,KNN,20,44.44444444
3,LSTM_Reg,KNN,21,50
3,LSTM_Reg,KNN,22,44.44444444
3,LSTM_Reg,KNN,23,61.11111111
3,LSTM_Reg,KNN,24,27.77777778
3,LSTM_Reg,KNN,25,55
3,LSTM_Reg,KNN,26,42.10526316
3,LSTM_Reg,KNN,27,44.44444444
3,LSTM_Reg,KNN,28,33.33333333
3,LSTM_Reg,KNN,29,25
3,LSTM_Reg,KNN,30,33.33333333
3,LSTM_Reg,KNN,31,31.57894737
3,LSTM_Reg,KNN,32,36.84210526
3,LSTM_Reg,KNN,33,47.36842105
3,LSTM_Reg,KNN,34,50
3,LSTM_Reg,KNN,35,47.05882353
3,LSTM_Reg,KNN,36,42.10526316
3,LSTM_Reg,KNN,37,41.17647059
3,LSTM_Reg,KNN,38,42.10526316
3,LSTM_Reg,KNN,39,47.05882353
3,LSTM_Reg,KNN,40,41.17647059
3,LSTM_Reg,RF,1,47.36842105
3,LSTM_Reg,RF,2,47.36842105
3,LSTM_Reg,RF,3,52.63157895
3,LSTM_Reg,RF,4,38.88888889
3,LSTM_Reg,RF,5,52.63157895
3,LSTM_Reg,RF,6,73.68421053
3,LSTM_Reg,RF,7,38.88888889
3,LSTM_Reg,RF,8,42.10526316
3,LSTM_Reg,RF,9,58.82352941
3,LSTM_Reg,RF,10,50
3,LSTM_Reg,RF,11,57.89473684
3,LSTM_Reg,RF,12,57.89473684
3,LSTM_Reg,RF,13,77.77777778
3,LSTM_Reg,RF,14,66.66666667
3,LSTM_Reg,RF,15,35.29411765
3,LSTM_Reg,RF,16,29.41176471
3,LSTM_Reg,RF,17,43.75
3,LSTM_Reg,RF,18,42.10526316
3,LSTM_Reg,RF,19,47.05882353
3,LSTM_Reg,RF,20,33.33333333
3,LSTM_Reg,RF,21,38.88888889
3,LSTM_Reg,RF,22,55.55555556
3,LSTM_Reg,RF,23,50
3,LSTM_Reg,RF,24,33.33333333
3,LSTM_Reg,RF,25,40
3,LSTM_Reg,RF,26,57.89473684
3,LSTM_Reg,RF,27,50
3,LSTM_Reg,RF,28,50
3,LSTM_Reg,RF,29,30
3,LSTM_Reg,RF,30,27.77777778
3,LSTM_Reg,RF,31,21.05263158
3,LSTM_Reg,RF,32,47.36842105
3,LSTM_Reg,RF,33,36.84210526
3,LSTM_Reg,RF,34,50
3,LSTM_Reg,RF,35,52.94117647
3,LSTM_Reg,RF,36,52.63157895
3,LSTM_Reg,RF,37,58.82352941
3,LSTM_Reg,RF,38,57.89473684
3,LSTM_Reg,RF,39,64.70588235
3,LSTM_Reg,RF,40,41.17647059
4,AllChLasso,KNN,1,31.57894737
4,AllChLasso,KNN,2,31.57894737
4,AllChLasso,KNN,3,31.57894737
4,AllChLasso,KNN,4,38.88888889
4,AllChLasso,KNN,5,42.10526316
4,AllChLasso,KNN,6,47.36842105
4,AllChLasso,KNN,7,50
4,AllChLasso,KNN,8,21.05263158
4,AllChLasso,KNN,9,35.29411765
4,AllChLasso,KNN,10,38.88888889
4,AllChLasso,KNN,11,52.63157895
4,AllChLasso,KNN,12,31.57894737
4,AllChLasso,KNN,13,38.88888889
4,AllChLasso,KNN,14,38.88888889
4,AllChLasso,KNN,15,41.17647059
4,AllChLasso,KNN,16,17.64705882
4,AllChLasso,KNN,17,6.25
4,AllChLasso,KNN,18,36.84210526
4,AllChLasso,KNN,19,41.17647059
4,AllChLasso,KNN,20,38.88888889
4,AllChLasso,KNN,21,50
4,AllChLasso,KNN,22,38.88888889
4,AllChLasso,KNN,23,22.22222222
4,AllChLasso,KNN,24,38.88888889
4,AllChLasso,KNN,25,40
4,AllChLasso,KNN,26,31.57894737
4,AllChLasso,KNN,27,22.22222222
4,AllChLasso,KNN,28,33.33333333
4,AllChLasso,KNN,29,30
4,AllChLasso,KNN,30,16.66666667
4,AllChLasso,KNN,31,26.31578947
4,AllChLasso,KNN,32,36.84210526
4,AllChLasso,KNN,33,31.57894737
4,AllChLasso,KNN,34,31.25
4,AllChLasso,KNN,35,47.05882353
4,AllChLasso,KNN,36,26.31578947
4,AllChLasso,KNN,37,17.64705882
4,AllChLasso,KNN,38,31.57894737
4,AllChLasso,KNN,39,47.05882353
4,AllChLasso,KNN,40,23.52941176
4,AllChLasso,RF,1,26.31578947
4,AllChLasso,RF,2,26.31578947
4,AllChLasso,RF,3,47.36842105
4,AllChLasso,RF,4,44.44444444
4,AllChLasso,RF,5,36.84210526
4,AllChLasso,RF,6,36.84210526
4,AllChLasso,RF,7,38.88888889
4,AllChLasso,RF,8,15.78947368
4,AllChLasso,RF,9,23.52941176
4,AllChLasso,RF,10,33.33333333
4,AllChLasso,RF,11,42.10526316
4,AllChLasso,RF,12,36.84210526
4,AllChLasso,RF,13,44.44444444
4,AllChLasso,RF,14,38.88888889
4,AllChLasso,RF,15,47.05882353
4,AllChLasso,RF,16,41.17647059
4,AllChLasso,RF,17,37.5
4,AllChLasso,RF,18,52.63157895
4,AllChLasso,RF,19,47.05882353
4,AllChLasso,RF,20,38.88888889
4,AllChLasso,RF,21,33.33333333
4,AllChLasso,RF,22,33.33333333
4,AllChLasso,RF,23,22.22222222
4,AllChLasso,RF,24,33.33333333
4,AllChLasso,RF,25,35
4,AllChLasso,RF,26,31.57894737
4,AllChLasso,RF,27,33.33333333
4,AllChLasso,RF,28,33.33333333
4,AllChLasso,RF,29,45
4,AllChLasso,RF,30,27.77777778
4,AllChLasso,RF,31,42.10526316
4,AllChLasso,RF,32,36.84210526
4,AllChLasso,RF,33,31.57894737
4,AllChLasso,RF,34,43.75
4,AllChLasso,RF,35,35.29411765
4,AllChLasso,RF,36,31.57894737
4,AllChLasso,RF,37,29.41176471
4,AllChLasso,RF,38,52.63157895
4,AllChLasso,RF,39,47.05882353
4,AllChLasso,RF,40,41.17647059
4,AllChPCA,KNN,1,57.89473684
4,AllChPCA,KNN,2,36.84210526
4,AllChPCA,KNN,3,42.10526316
4,AllChPCA,KNN,4,44.44444444
4,AllChPCA,KNN,5,47.36842105
4,AllChPCA,KNN,6,47.36842105
4,AllChPCA,KNN,7,44.44444444
4,AllChPCA,KNN,8,42.10526316
4,AllChPCA,KNN,9,11.76470588
4,AllChPCA,KNN,10,50
4,AllChPCA,KNN,11,36.84210526
4,AllChPCA,KNN,12,42.10526316
4,AllChPCA,KNN,13,44.44444444
4,AllChPCA,KNN,14,50
4,AllChPCA,KNN,15,41.17647059
4,AllChPCA,KNN,16,41.17647059
4,AllChPCA,KNN,17,37.5
4,AllChPCA,KNN,18,31.57894737
4,AllChPCA,KNN,19,58.82352941
4,AllChPCA,KNN,20,38.88888889
4,AllChPCA,KNN,21,44.44444444
4,AllChPCA,KNN,22,27.77777778
4,AllChPCA,KNN,23,22.22222222
4,AllChPCA,KNN,24,38.88888889
4,AllChPCA,KNN,25,35
4,AllChPCA,KNN,26,42.10526316
4,AllChPCA,KNN,27,27.77777778
4,AllChPCA,KNN,28,33.33333333
4,AllChPCA,KNN,29,40
4,AllChPCA,KNN,30,27.77777778
4,AllChPCA,KNN,31,21.05263158
4,AllChPCA,KNN,32,42.10526316
4,AllChPCA,KNN,33,26.31578947
4,AllChPCA,KNN,34,31.25
4,AllChPCA,KNN,35,29.41176471
4,AllChPCA,KNN,36,36.84210526
4,AllChPCA,KNN,37,41.17647059
4,AllChPCA,KNN,38,47.36842105
4,AllChPCA,KNN,39,47.05882353
4,AllChPCA,KNN,40,41.17647059
4,AllChPCA,RF,1,57.89473684
4,AllChPCA,RF,2,47.36842105
4,AllChPCA,RF,3,47.36842105
4,AllChPCA,RF,4,50
4,AllChPCA,RF,5,47.36842105
4,AllChPCA,RF,6,47.36842105
4,AllChPCA,RF,7,50
4,AllChPCA,RF,8,42.10526316
4,AllChPCA,RF,9,29.41176471
4,AllChPCA,RF,10,33.33333333
4,AllChPCA,RF,11,36.84210526
4,AllChPCA,RF,12,36.84210526
4,AllChPCA,RF,13,38.88888889
4,AllChPCA,RF,14,44.44444444
4,AllChPCA,RF,15,35.29411765
4,AllChPCA,RF,16,35.29411765
4,AllChPCA,RF,17,37.5
4,AllChPCA,RF,18,42.10526316
4,AllChPCA,RF,19,35.29411765
4,AllChPCA,RF,20,38.88888889
4,AllChPCA,RF,21,61.11111111
4,AllChPCA,RF,22,44.44444444
4,AllChPCA,RF,23,33.33333333
4,AllChPCA,RF,24,33.33333333
4,AllChPCA,RF,25,45
4,AllChPCA,RF,26,42.10526316
4,AllChPCA,RF,27,38.88888889
4,AllChPCA,RF,28,27.77777778
4,AllChPCA,RF,29,50
4,AllChPCA,RF,30,27.77777778
4,AllChPCA,RF,31,31.57894737
4,AllChPCA,RF,32,36.84210526
4,AllChPCA,RF,33,31.57894737
4,AllChPCA,RF,34,43.75
4,AllChPCA,RF,35,47.05882353
4,AllChPCA,RF,36,31.57894737
4,AllChPCA,RF,37,47.05882353
4,AllChPCA,RF,38,47.36842105
4,AllChPCA,RF,39,47.05882353
4,AllChPCA,RF,40,41.17647059
4,AllperCh,KNN,1,40.54580897
4,AllperCh,KNN,2,37.81676413
4,AllperCh,KNN,3,40.54580897
4,AllperCh,KNN,4,34.77366255
4,AllperCh,KNN,5,36.45224172
4,AllperCh,KNN,6,36.45224172
4,AllperCh,KNN,7,42.38683128
4,AllperCh,KNN,8,34.50292398
4,AllperCh,KNN,9,34.42265795
4,AllperCh,KNN,10,35.18518519
4,AllperCh,KNN,11,34.69785575
4,AllperCh,KNN,12,32.55360624
4,AllperCh,KNN,13,32.09876543
4,AllperCh,KNN,14,39.50617284
4,AllperCh,KNN,15,32.02614379
4,AllperCh,KNN,16,35.72984749
4,AllperCh,KNN,17,34.49074074
4,AllperCh,KNN,18,39.96101365
4,AllperCh,KNN,19,33.55119826
4,AllperCh,KNN,20,32.9218107
4,AllperCh,KNN,21,35.59670782
4,AllperCh,KNN,22,33.33333333
4,AllperCh,KNN,23,30.4526749
4,AllperCh,KNN,24,31.48148148
4,AllperCh,KNN,25,37.40740741
4,AllperCh,KNN,26,33.72319688
4,AllperCh,KNN,27,32.51028807
4,AllperCh,KNN,28,28.18930041
4,AllperCh,KNN,29,41.2962963
4,AllperCh,KNN,30,25.51440329
4,AllperCh,KNN,31,29.62962963
4,AllperCh,KNN,32,33.33333333
4,AllperCh,KNN,33,30.21442495
4,AllperCh,KNN,34,34.25925926
4,AllperCh,KNN,35,39.86928105
4,AllperCh,KNN,36,32.16374269
4,AllperCh,KNN,37,37.47276688
4,AllperCh,KNN,38,36.25730994
4,AllperCh,KNN,39,38.34422658
4,AllperCh,KNN,40,36.16557734
4,AllperCh,RF,1,47.56335283
4,AllperCh,RF,2,36.84210526
4,AllperCh,RF,3,44.63937622
4,AllperCh,RF,4,41.56378601
4,AllperCh,RF,5,38.20662768
4,AllperCh,RF,6,38.98635478
4,AllperCh,RF,7,46.2962963
4,AllperCh,RF,8,38.01169591
4,AllperCh,RF,9,36.81917211
4,AllperCh,RF,10,35.59670782
4,AllperCh,RF,11,34.69785575
4,AllperCh,RF,12,35.86744639
4,AllperCh,RF,13,32.09876543
4,AllperCh,RF,14,40.94650206
4,AllperCh,RF,15,35.07625272
4,AllperCh,RF,16,34.8583878
4,AllperCh,RF,17,37.26851852
4,AllperCh,RF,18,40.74074074
4,AllperCh,RF,19,34.8583878
4,AllperCh,RF,20,37.65432099
4,AllperCh,RF,21,43.20987654
4,AllperCh,RF,22,41.97530864
4,AllperCh,RF,23,31.06995885
4,AllperCh,RF,24,34.97942387
4,AllperCh,RF,25,41.2962963
4,AllperCh,RF,26,37.62183236
4,AllperCh,RF,27,39.71193416
4,AllperCh,RF,28,30.65843621
4,AllperCh,RF,29,46.66666667
4,AllperCh,RF,30,31.48148148
4,AllperCh,RF,31,38.40155945
4,AllperCh,RF,32,36.64717349
4,AllperCh,RF,33,32.16374269
4,AllperCh,RF,34,34.9537037
4,AllperCh,RF,35,42.48366013
4,AllperCh,RF,36,34.50292398
4,AllperCh,RF,37,39.86928105
4,AllperCh,RF,38,44.83430799
4,AllperCh,RF,39,42.70152505
4,AllperCh,RF,40,41.39433551
4,LSTM,KNN,1,36.84210526
4,LSTM,KNN,2,47.36842105
4,LSTM,KNN,3,36.84210526
4,LSTM,KNN,4,44.44444444
4,LSTM,KNN,5,26.31578947
4,LSTM,KNN,6,36.84210526
4,LSTM,KNN,7,33.33333333
4,LSTM,KNN,8,52.63157895
4,LSTM,KNN,9,17.64705882
4,LSTM,KNN,10,22.22222222
4,LSTM,KNN,11,31.57894737
4,LSTM,KNN,12,31.57894737
4,LSTM,KNN,13,38.88888889
4,LSTM,KNN,14,38.88888889
4,LSTM,KNN,15,29.41176471
4,LSTM,KNN,16,47.05882353
4,LSTM,KNN,17,18.75
4,LSTM,KNN,18,26.31578947
4,LSTM,KNN,19,35.29411765
4,LSTM,KNN,20,33.33333333
4,LSTM,KNN,21,38.88888889
4,LSTM,KNN,22,27.77777778
4,LSTM,KNN,23,11.11111111
4,LSTM,KNN,24,33.33333333
4,LSTM,KNN,25,35
4,LSTM,KNN,26,26.31578947
4,LSTM,KNN,27,38.88888889
4,LSTM,KNN,28,22.22222222
4,LSTM,KNN,29,30
4,LSTM,KNN,30,38.88888889
4,LSTM,KNN,31,15.78947368
4,LSTM,KNN,32,31.57894737
4,LSTM,KNN,33,47.36842105
4,LSTM,KNN,34,12.5
4,LSTM,KNN,35,41.17647059
4,LSTM,KNN,36,21.05263158
4,LSTM,KNN,37,47.05882353
4,LSTM,KNN,38,42.10526316
4,LSTM,KNN,39,17.64705882
4,LSTM,KNN,40,35.29411765
4,LSTM,RF,1,26.31578947
4,LSTM,RF,2,36.84210526
4,LSTM,RF,3,42.10526316
4,LSTM,RF,4,38.88888889
4,LSTM,RF,5,31.57894737
4,LSTM,RF,6,42.10526316
4,LSTM,RF,7,50
4,LSTM,RF,8,42.10526316
4,LSTM,RF,9,35.29411765
4,LSTM,RF,10,50
4,LSTM,RF,11,47.36842105
4,LSTM,RF,12,42.10526316
4,LSTM,RF,13,38.88888889
4,LSTM,RF,14,44.44444444
4,LSTM,RF,15,17.64705882
4,LSTM,RF,16,47.05882353
4,LSTM,RF,17,18.75
4,LSTM,RF,18,36.84210526
4,LSTM,RF,19,23.52941176
4,LSTM,RF,20,22.22222222
4,LSTM,RF,21,44.44444444
4,LSTM,RF,22,33.33333333
4,LSTM,RF,23,27.77777778
4,LSTM,RF,24,33.33333333
4,LSTM,RF,25,40
4,LSTM,RF,26,31.57894737
4,LSTM,RF,27,38.88888889
4,LSTM,RF,28,27.77777778
4,LSTM,RF,29,30
4,LSTM,RF,30,16.66666667
4,LSTM,RF,31,31.57894737
4,LSTM,RF,32,21.05263158
4,LSTM,RF,33,31.57894737
4,LSTM,RF,34,50
4,LSTM,RF,35,47.05882353
4,LSTM,RF,36,36.84210526
4,LSTM,RF,37,29.41176471
4,LSTM,RF,38,52.63157895
4,LSTM,RF,39,58.82352941
4,LSTM,RF,40,41.17647059
4,LSTM_Ch1,KNN,1,31.57894737
4,LSTM_Ch1,KNN,2,26.31578947
4,LSTM_Ch1,KNN,3,47.36842105
4,LSTM_Ch1,KNN,4,27.77777778
4,LSTM_Ch1,KNN,5,52.63157895
4,LSTM_Ch1,KNN,6,42.10526316
4,LSTM_Ch1,KNN,7,22.22222222
4,LSTM_Ch1,KNN,8,47.36842105
4,LSTM_Ch1,KNN,9,17.64705882
4,LSTM_Ch1,KNN,10,44.44444444
4,LSTM_Ch1,KNN,11,36.84210526
4,LSTM_Ch1,KNN,12,36.84210526
4,LSTM_Ch1,KNN,13,33.33333333
4,LSTM_Ch1,KNN,14,38.88888889
4,LSTM_Ch1,KNN,15,41.17647059
4,LSTM_Ch1,KNN,16,17.64705882
4,LSTM_Ch1,KNN,17,50
4,LSTM_Ch1,KNN,18,42.10526316
4,LSTM_Ch1,KNN,19,35.29411765
4,LSTM_Ch1,KNN,20,33.33333333
4,LSTM_Ch1,KNN,21,33.33333333
4,LSTM_Ch1,KNN,22,27.77777778
4,LSTM_Ch1,KNN,23,38.88888889
4,LSTM_Ch1,KNN,24,22.22222222
4,LSTM_Ch1,KNN,25,30
4,LSTM_Ch1,KNN,26,26.31578947
4,LSTM_Ch1,KNN,27,16.66666667
4,LSTM_Ch1,KNN,28,16.66666667
4,LSTM_Ch1,KNN,29,55
4,LSTM_Ch1,KNN,30,22.22222222
4,LSTM_Ch1,KNN,31,42.10526316
4,LSTM_Ch1,KNN,32,31.57894737
4,LSTM_Ch1,KNN,33,42.10526316
4,LSTM_Ch1,KNN,34,37.5
4,LSTM_Ch1,KNN,35,41.17647059
4,LSTM_Ch1,KNN,36,42.10526316
4,LSTM_Ch1,KNN,37,29.41176471
4,LSTM_Ch1,KNN,38,36.84210526
4,LSTM_Ch1,KNN,39,35.29411765
4,LSTM_Ch1,KNN,40,35.29411765
4,LSTM_Ch1,RF,1,31.57894737
4,LSTM_Ch1,RF,2,21.05263158
4,LSTM_Ch1,RF,3,31.57894737
4,LSTM_Ch1,RF,4,22.22222222
4,LSTM_Ch1,RF,5,47.36842105
4,LSTM_Ch1,RF,6,36.84210526
4,LSTM_Ch1,RF,7,22.22222222
4,LSTM_Ch1,RF,8,47.36842105
4,LSTM_Ch1,RF,9,17.64705882
4,LSTM_Ch1,RF,10,38.88888889
4,LSTM_Ch1,RF,11,36.84210526
4,LSTM_Ch1,RF,12,36.84210526
4,LSTM_Ch1,RF,13,27.77777778
4,LSTM_Ch1,RF,14,22.22222222
4,LSTM_Ch1,RF,15,41.17647059
4,LSTM_Ch1,RF,16,23.52941176
4,LSTM_Ch1,RF,17,43.75
4,LSTM_Ch1,RF,18,36.84210526
4,LSTM_Ch1,RF,19,29.41176471
4,LSTM_Ch1,RF,20,33.33333333
4,LSTM_Ch1,RF,21,27.77777778
4,LSTM_Ch1,RF,22,22.22222222
4,LSTM_Ch1,RF,23,38.88888889
4,LSTM_Ch1,RF,24,22.22222222
4,LSTM_Ch1,RF,25,30
4,LSTM_Ch1,RF,26,31.57894737
4,LSTM_Ch1,RF,27,22.22222222
4,LSTM_Ch1,RF,28,5.555555556
4,LSTM_Ch1,RF,29,50
4,LSTM_Ch1,RF,30,22.22222222
4,LSTM_Ch1,RF,31,42.10526316
4,LSTM_Ch1,RF,32,26.31578947
4,LSTM_Ch1,RF,33,31.57894737
4,LSTM_Ch1,RF,34,37.5
4,LSTM_Ch1,RF,35,35.29411765
4,LSTM_Ch1,RF,36,36.84210526
4,LSTM_Ch1,RF,37,29.41176471
4,LSTM_Ch1,RF,38,36.84210526
4,LSTM_Ch1,RF,39,41.17647059
4,LSTM_Ch1,RF,40,29.41176471
4,LSTM_Reg,KNN,1,36.84210526
4,LSTM_Reg,KNN,2,52.63157895
4,LSTM_Reg,KNN,3,21.05263158
4,LSTM_Reg,KNN,4,44.44444444
4,LSTM_Reg,KNN,5,21.05263158
4,LSTM_Reg,KNN,6,42.10526316
4,LSTM_Reg,KNN,7,33.33333333
4,LSTM_Reg,KNN,8,42.10526316
4,LSTM_Reg,KNN,9,23.52941176
4,LSTM_Reg,KNN,10,11.11111111
4,LSTM_Reg,KNN,11,36.84210526
4,LSTM_Reg,KNN,12,36.84210526
4,LSTM_Reg,KNN,13,33.33333333
4,LSTM_Reg,KNN,14,50
4,LSTM_Reg,KNN,15,47.05882353
4,LSTM_Reg,KNN,16,47.05882353
4,LSTM_Reg,KNN,17,18.75
4,LSTM_Reg,KNN,18,47.36842105
4,LSTM_Reg,KNN,19,35.29411765
4,LSTM_Reg,KNN,20,33.33333333
4,LSTM_Reg,KNN,21,27.77777778
4,LSTM_Reg,KNN,22,33.33333333
4,LSTM_Reg,KNN,23,22.22222222
4,LSTM_Reg,KNN,24,27.77777778
4,LSTM_Reg,KNN,25,40
4,LSTM_Reg,KNN,26,42.10526316
4,LSTM_Reg,KNN,27,27.77777778
4,LSTM_Reg,KNN,28,11.11111111
4,LSTM_Reg,KNN,29,40
4,LSTM_Reg,KNN,30,33.33333333
4,LSTM_Reg,KNN,31,21.05263158
4,LSTM_Reg,KNN,32,31.57894737
4,LSTM_Reg,KNN,33,31.57894737
4,LSTM_Reg,KNN,34,25
4,LSTM_Reg,KNN,35,58.82352941
4,LSTM_Reg,KNN,36,31.57894737
4,LSTM_Reg,KNN,37,47.05882353
4,LSTM_Reg,KNN,38,31.57894737
4,LSTM_Reg,KNN,39,35.29411765
4,LSTM_Reg,KNN,40,29.41176471
4,LSTM_Reg,RF,1,31.57894737
4,LSTM_Reg,RF,2,31.57894737
4,LSTM_Reg,RF,3,42.10526316
4,LSTM_Reg,RF,4,44.44444444
4,LSTM_Reg,RF,5,47.36842105
4,LSTM_Reg,RF,6,52.63157895
4,LSTM_Reg,RF,7,55.55555556
4,LSTM_Reg,RF,8,47.36842105
4,LSTM_Reg,RF,9,29.41176471
4,LSTM_Reg,RF,10,33.33333333
4,LSTM_Reg,RF,11,42.10526316
4,LSTM_Reg,RF,12,15.78947368
4,LSTM_Reg,RF,13,44.44444444
4,LSTM_Reg,RF,14,55.55555556
4,LSTM_Reg,RF,15,29.41176471
4,LSTM_Reg,RF,16,41.17647059
4,LSTM_Reg,RF,17,37.5
4,LSTM_Reg,RF,18,42.10526316
4,LSTM_Reg,RF,19,29.41176471
4,LSTM_Reg,RF,20,22.22222222
4,LSTM_Reg,RF,21,33.33333333
4,LSTM_Reg,RF,22,44.44444444
4,LSTM_Reg,RF,23,22.22222222
4,LSTM_Reg,RF,24,38.88888889
4,LSTM_Reg,RF,25,45
4,LSTM_Reg,RF,26,36.84210526
4,LSTM_Reg,RF,27,38.88888889
4,LSTM_Reg,RF,28,33.33333333
4,LSTM_Reg,RF,29,45
4,LSTM_Reg,RF,30,16.66666667
4,LSTM_Reg,RF,31,21.05263158
4,LSTM_Reg,RF,32,42.10526316
4,LSTM_Reg,RF,33,36.84210526
4,LSTM_Reg,RF,34,25
4,LSTM_Reg,RF,35,58.82352941
4,LSTM_Reg,RF,36,47.36842105
4,LSTM_Reg,RF,37,52.94117647
4,LSTM_Reg,RF,38,47.36842105
4,LSTM_Reg,RF,39,29.41176471
4,LSTM_Reg,RF,40,41.17647059
